{"precision": 0.7410666666666667, "recall": 0.7410666666666667, "f1-score": 0.7410666666666668, "support": null, "name": "CNN_val_15"}